condition,T_C,strain_rate,split,n_pts,model,R2,RMSE,AARE
RT-0_001,25,0.001,train,41,SCAM,,,
RT-0_001,25,0.001,train,41,ANN,0.9896557893187434,5.203064585656617,2.54116868814414
RT-0_001,25,0.001,train,41,PGNN,0.9937256941088723,4.052223419656644,2.0782173374323016
RT-0_001,25,0.001,train,41,PGNN+λA,0.995223145500493,3.5357499568413853,1.8531800225609858
RT-0_001,25,0.001,val,8,SCAM,,,
RT-0_001,25,0.001,val,8,ANN,0.9982054667988102,2.0482447233471373,0.9034935713188603
RT-0_001,25,0.001,val,8,PGNN,0.9971842259137528,2.565694833868548,1.051562218376698
RT-0_001,25,0.001,val,8,PGNN+λA,0.9958649702945961,3.1091767591969406,1.6021279154062738
RT-0_001,25,0.001,test,10,SCAM,,,
RT-0_001,25,0.001,test,10,ANN,-0.3906446234486258,67.01769744358525,84.8371669348057
RT-0_001,25,0.001,test,10,PGNN,-0.4161334863943442,67.62908602433406,85.56841982859758
RT-0_001,25,0.001,test,10,PGNN+λA,-0.3837415173740002,66.8511538796858,84.91372757351311
RT-0_01,25,0.01,train,42,SCAM,,,
RT-0_01,25,0.01,train,42,ANN,0.7409180513671666,27.223233456543493,34.86192421261056
RT-0_01,25,0.01,train,42,PGNN,0.9000587706246341,16.908048067205307,18.082861706652714
RT-0_01,25,0.01,train,42,PGNN+λA,0.9141519610812426,15.670625052687832,19.277671168906128
RT-0_01,25,0.01,val,9,SCAM,,,
RT-0_01,25,0.01,val,9,ANN,0.9947187427814927,4.0724838404345345,2.299253824816813
RT-0_01,25,0.01,val,9,PGNN,0.9978953972915691,2.570844284072309,1.8915531555759344
RT-0_01,25,0.01,val,9,PGNN+λA,0.99166240990918,5.11694771763016,3.481234981732359
RT-0_01,25,0.01,test,10,SCAM,,,
RT-0_01,25,0.01,test,10,ANN,0.9923413146318211,3.9046406055222285,1.697592703231015
RT-0_01,25,0.01,test,10,PGNN,0.9966167166398399,2.5952137800347335,1.5306691378033204
RT-0_01,25,0.01,test,10,PGNN+λA,0.9984024919482777,1.7833043955486196,0.9731172321103206
RT-0_1,25,0.1,train,48,SCAM,,,
RT-0_1,25,0.1,train,48,ANN,0.9090234105671948,22.771463146244024,6.257111172914008
RT-0_1,25,0.1,train,48,PGNN,0.9547465701262812,16.060233718011855,3.709279463609346
RT-0_1,25,0.1,train,48,PGNN+λA,0.9666049779414796,13.796438136221527,3.644905556382235
RT-0_1,25,0.1,val,10,SCAM,,,
RT-0_1,25,0.1,val,10,ANN,0.9507690642757233,15.05016564160814,71.24551393373635
RT-0_1,25,0.1,val,10,PGNN,0.9624267429173261,13.148059373810685,63.266179524042855
RT-0_1,25,0.1,val,10,PGNN+λA,0.973625874918398,11.01567883203647,52.766695398425576
RT-0_1,25,0.1,test,11,SCAM,,,
RT-0_1,25,0.1,test,11,ANN,0.9985286951461182,1.4459791907009996,0.7900769880659668
RT-0_1,25,0.1,test,11,PGNN,0.9961917760945783,2.3263333493694196,1.0803613964903533
RT-0_1,25,0.1,test,11,PGNN+λA,0.9964518374465735,2.2454969174278316,1.067653789307685
150-0_001,150,0.001,train,32,SCAM,,,
150-0_001,150,0.001,train,32,ANN,0.9797793360926506,6.894761401866296,11.401883776395888
150-0_001,150,0.001,train,32,PGNN,0.9911616661915889,4.558340219636944,7.27761848036354
150-0_001,150,0.001,train,32,PGNN+λA,0.9968901465414198,2.7039054350800846,3.3846614778224553
150-0_001,150,0.001,val,6,SCAM,,,
150-0_001,150,0.001,val,6,ANN,0.9932460913387181,1.3272513574268885,0.696369869939499
150-0_001,150,0.001,val,6,PGNN,0.9809664492278687,2.22810418384341,0.9013033469311033
150-0_001,150,0.001,val,6,PGNN+λA,0.9868286382473533,1.8534928950649499,0.7584585232848351
150-0_001,150,0.001,test,8,SCAM,,,
150-0_001,150,0.001,test,8,ANN,0.9891948564396105,4.93170659787337,3.870528821883083
150-0_001,150,0.001,test,8,PGNN,0.9910512877513014,4.4880969742044945,2.7102343108809857
150-0_001,150,0.001,test,8,PGNN+λA,0.9979185623744037,2.1645302567532565,0.9643911322674524
150-0_01,150,0.01,train,34,SCAM,,,
150-0_01,150,0.01,train,34,ANN,0.9808787810884266,5.972678859593072,6.294619619202455
150-0_01,150,0.01,train,34,PGNN,0.9907019528620865,4.1649256125638585,4.735113517933799
150-0_01,150,0.01,train,34,PGNN+λA,0.9914986854665625,3.982487484316661,3.6514816616377255
150-0_01,150,0.01,val,7,SCAM,,,
150-0_01,150,0.01,val,7,ANN,-0.35260513449657704,73.82538115913803,1.517981824085924
150-0_01,150,0.01,val,7,PGNN,-0.2784732398115992,71.77381039916597,0.9205599353774652
150-0_01,150,0.01,val,7,PGNN+λA,-0.2600209305016268,71.25396920284602,1.0902749172975221
150-0_01,150,0.01,test,8,SCAM,,,
150-0_01,150,0.01,test,8,ANN,0.9431300641013166,9.661330113262117,6.912012512168311
150-0_01,150,0.01,test,8,PGNN,0.9964101771351085,2.427348100004385,1.6913453743000357
150-0_01,150,0.01,test,8,PGNN+λA,0.9892769906734203,4.195211824048266,3.1991791936202074
150-0_1,150,0.1,train,39,SCAM,,,
150-0_1,150,0.1,train,39,ANN,0.948760335867956,12.042276343436576,2.533984272073556
150-0_1,150,0.1,train,39,PGNN,0.9916353338240931,4.865525562896358,0.7869358265713907
150-0_1,150,0.1,train,39,PGNN+λA,0.9927668901920982,4.524472793361991,1.5816560877887051
150-0_1,150,0.1,val,8,SCAM,,,
150-0_1,150,0.1,val,8,ANN,0.9944210621200986,5.00430399214816,2.4897941947636615
150-0_1,150,0.1,val,8,PGNN,0.9945533699287243,4.944607923375085,1.418977715401011
150-0_1,150,0.1,val,8,PGNN+λA,0.9946818735069478,4.885930129979072,1.4277119619935066
150-0_1,150,0.1,test,10,SCAM,,,
150-0_1,150,0.1,test,10,ANN,0.869587334475134,26.99836388887623,51.47264104016484
150-0_1,150,0.1,test,10,PGNN,0.895256331542185,24.19588160992907,45.55631681020469
150-0_1,150,0.1,test,10,PGNN+λA,0.9251817260695021,20.449439227124458,34.87542816425508
250-0_001,250,0.001,train,55,SCAM,-20.025467357937774,75.3701839465972,47.55975433442468
250-0_001,250,0.001,train,55,ANN,0.9152890018345621,4.959006388689449,11.91408499013089
250-0_001,250,0.001,train,55,PGNN,0.9543784938157666,3.6392306195511015,7.7020517177780565
250-0_001,250,0.001,train,55,PGNN+λA,0.9703524730218058,2.9337223178126517,5.770770660886027
250-0_001,250,0.001,val,11,SCAM,-37.97309129611307,54.87215645188941,38.94248815122369
250-0_001,250,0.001,val,11,ANN,0.9415153810956682,1.9971800209892727,1.887296981503138
250-0_001,250,0.001,val,11,PGNN,0.9565328242481228,1.7217777541164254,1.6567163661639077
250-0_001,250,0.001,val,11,PGNN+λA,0.9789688763909481,1.1976436569803688,1.445458075997867
250-0_001,250,0.001,test,13,SCAM,-64.8188211705486,40.80012798618814,23.01680113877699
250-0_001,250,0.001,test,13,ANN,0.9886235136824297,1.1562633749743547,1.2654964193806628
250-0_001,250,0.001,test,13,PGNN,0.986661654393916,1.251998123860585,1.4036226734239634
250-0_001,250,0.001,test,13,PGNN+λA,0.9825510333048643,1.4319819767493278,1.7686481448885178
250-0_01,250,0.01,train,56,SCAM,-10.846753960252558,73.7188127398047,37.30523975655258
250-0_01,250,0.01,train,56,ANN,0.919685865544181,7.42486689548254,9.884350558883177
250-0_01,250,0.01,train,56,PGNN,0.9744825685272277,4.185151264984285,6.871594546244762
250-0_01,250,0.01,train,56,PGNN+λA,0.9874768816349799,2.931898447838104,4.355430695160847
250-0_01,250,0.01,val,12,SCAM,-17.843890254800215,60.888171086569976,31.679873254310287
250-0_01,250,0.01,val,12,ANN,0.9253826507375971,3.605404570168884,2.647595230444126
250-0_01,250,0.01,val,12,PGNN,0.9847187811426481,1.6315977370748773,1.3750439367092238
250-0_01,250,0.01,val,12,PGNN+λA,0.989249637931678,1.368502648134399,1.2814853221687421
250-0_01,250,0.01,test,13,SCAM,-294.11758876267754,83.85693340190385,57.27073434658677
250-0_01,250,0.01,test,13,ANN,0.941252486148642,3.988849928123641,3.4990145168724633
250-0_01,250,0.01,test,13,PGNN,0.9340352976336243,4.226771346689499,3.095190102902208
250-0_01,250,0.01,test,13,PGNN+λA,0.9722019484680353,2.7438485032838305,2.4120755259359288
250-0_1,250,0.1,train,68,SCAM,-14.024753516377368,84.76778506960027,31.763350352232056
250-0_1,250,0.1,train,68,ANN,0.97952454014335,6.543195775451103,2.587910026982429
250-0_1,250,0.1,train,68,PGNN,0.9952394216891239,3.1550259775065363,1.3997772565502637
250-0_1,250,0.1,train,68,PGNN+λA,0.9951890661696997,3.171668394142864,1.6615924644027145
250-0_1,250,0.1,val,14,SCAM,-2.939722002736647,65.12808876014572,35.086298867747026
250-0_1,250,0.1,val,14,ANN,0.9793242988054713,5.845046416562654,6.493742745492276
250-0_1,250,0.1,val,14,PGNN,0.9905129915456387,3.959337147271543,4.62805339484378
250-0_1,250,0.1,val,14,PGNN+λA,0.9972877866476894,2.1169946749607935,1.8630888386865374
250-0_1,250,0.1,test,16,SCAM,-2.5127517895140983,72.37615033194193,65.98735307075901
250-0_1,250,0.1,test,16,ANN,0.9709554333140873,9.852047394743705,25.976667530820958
250-0_1,250,0.1,test,16,PGNN,0.9839095515686405,7.332939729598279,22.949990158748616
250-0_1,250,0.1,test,16,PGNN+λA,0.9899827125387958,5.785875841482433,13.949919933065043
300-0_001,300,0.001,train,63,SCAM,-42.0439549845272,76.70342821464685,55.182600853146766
300-0_001,300,0.001,train,63,ANN,0.8655120623401183,4.832735648144458,6.04363209327317
300-0_001,300,0.001,train,63,PGNN,0.9514790798641366,2.9027917954309035,3.7121090361545437
300-0_001,300,0.001,train,63,PGNN+λA,0.9611738094077281,2.596652083523013,4.136342394174174
300-0_001,300,0.001,val,13,SCAM,-376.42844468669017,47.040876960662615,38.623240867607365
300-0_001,300,0.001,val,13,ANN,0.9643736700749973,2.3014191993358604,6.708752287278662
300-0_001,300,0.001,val,13,PGNN,0.9801612995616473,1.7173815738077112,3.293611383829952
300-0_001,300,0.001,val,13,PGNN+λA,0.9903859888290446,1.195535565535385,2.4756495132706298
300-0_001,300,0.001,test,15,SCAM,-1298.5594973283867,32.51914013529746,37.019706962570595
300-0_001,300,0.001,test,15,ANN,0.9672772440605582,2.4161263051902764,4.391918903645897
300-0_001,300,0.001,test,15,PGNN,0.9855636360048351,1.6048099521506063,3.2455408327148723
300-0_001,300,0.001,test,15,PGNN+λA,0.9774595851803154,2.0052828945396732,3.999154242408344
300-0_01,300,0.01,train,64,SCAM,-40.22948427292373,77.78607572882837,45.61135193631888
300-0_01,300,0.01,train,64,ANN,0.9334041811062722,4.573642283853997,6.676318563509994
300-0_01,300,0.01,train,64,PGNN,0.9791835680884476,2.5570655290853845,3.9170323834905716
300-0_01,300,0.01,train,64,PGNN+λA,0.9861535713546025,2.0854875356135745,3.13097597519873
300-0_01,300,0.01,val,13,SCAM,-101.33572848056352,39.096253274645356,27.35529597311971
300-0_01,300,0.01,val,13,ANN,0.9294271699522584,1.8516504522660342,2.2881270623170082
300-0_01,300,0.01,val,13,PGNN,0.9912902473181927,0.6504937833099499,0.7546445785879902
300-0_01,300,0.01,val,13,PGNN+λA,0.9677332455091665,1.2520390696658525,1.4478543396170003
300-0_01,300,0.01,test,15,SCAM,-2.1090442934014435,44.05290556689672,45.606044518626504
300-0_01,300,0.01,test,15,ANN,0.8998841993727764,6.634221107596646,5.645762656119919
300-0_01,300,0.01,test,15,PGNN,0.9527246604294639,4.5588568758425785,4.584438913059696
300-0_01,300,0.01,test,15,PGNN+λA,0.9785913060035337,3.0678471416152036,4.501375159982425
300-0_1,300,0.1,train,77,SCAM,-5.7474417523022785,48.602101646223495,25.746557983331975
300-0_1,300,0.1,train,77,ANN,0.9615957113320109,6.669488703451299,3.2006035066192475
300-0_1,300,0.1,train,77,PGNN,0.9874730870122808,3.8091204769877627,1.827358293553092
300-0_1,300,0.1,train,77,PGNN+λA,0.9911328732026139,3.204749865473161,2.110405078420268
300-0_1,300,0.1,val,16,SCAM,-138.09299197773962,63.02165636251417,40.66455916535997
300-0_1,300,0.1,val,16,ANN,0.9663489369141083,4.3168678346198055,1.5120393037513213
300-0_1,300,0.1,val,16,PGNN,0.9975162638494738,1.1727949502309798,0.5024673151197246
300-0_1,300,0.1,val,16,PGNN+λA,0.9966773159533103,1.3564815190661759,0.9044859876095825
300-0_1,300,0.1,test,18,SCAM,-70.08589480063021,126.0771520728892,60.407963466697154
300-0_1,300,0.1,test,18,ANN,0.9069908555585018,9.233666036752176,6.14216110639702
300-0_1,300,0.1,test,18,PGNN,0.980793539064512,4.195995481421597,3.0091301424684835
300-0_1,300,0.1,test,18,PGNN+λA,0.9776821326013007,4.523115571206618,3.5954583456996105
350-0_001,350,0.001,train,72,SCAM,-382.79630310862944,83.48979477976934,86.89555299421838
350-0_001,350,0.001,train,72,ANN,0.8890608675130323,3.3436819948722136,8.673453090361564
350-0_001,350,0.001,train,72,PGNN,0.9364823815548988,2.530053395927427,6.432571381969361
350-0_001,350,0.001,train,72,PGNN+λA,0.9569035181578426,2.084027728026458,5.517984286575009
350-0_001,350,0.001,val,15,SCAM,-499.1618537021364,17.772405635762556,26.796574506273778
350-0_001,350,0.001,val,15,ANN,0.884907427173102,1.6902123060814032,4.687123559123382
350-0_001,350,0.001,val,15,PGNN,0.903717349454458,1.545936420517033,4.351562419059611
350-0_001,350,0.001,val,15,PGNN+λA,0.8683632201636207,1.8076162422805995,4.555527811579742
350-0_001,350,0.001,test,16,SCAM,-28.59928623345037,14.916214027441832,21.812163825956674
350-0_001,350,0.001,test,16,ANN,0.6444662613045193,2.408255386866979,5.45562275621808
350-0_001,350,0.001,test,16,PGNN,0.6058863421917758,2.5355540525176608,6.0612909198141525
350-0_001,350,0.001,test,16,PGNN+λA,0.5656996062413145,2.661688584953345,6.437698630912333
350-0_01,350,0.01,train,79,SCAM,-103.12312376824127,81.89500849252293,62.3317383639197
350-0_01,350,0.01,train,79,ANN,0.9373931369926211,3.410026697769788,3.0639117178092166
350-0_01,350,0.01,train,79,PGNN,0.9760430554295001,2.1094173873691404,2.8194158215227736
350-0_01,350,0.01,train,79,PGNN+λA,0.9880741346231182,1.4883043761222496,2.3639092535919732
350-0_01,350,0.01,val,16,SCAM,-301.30694523035874,26.933719036902833,26.842778835787882
350-0_01,350,0.01,val,16,ANN,0.9896747974945654,0.8094897356234281,1.5920943584511054
350-0_01,350,0.01,val,16,PGNN,0.9489710081899247,1.7995774859276197,3.390376532741452
350-0_01,350,0.01,val,16,PGNN+λA,0.9594040581007552,1.605104707012349,2.73168731979054
350-0_01,350,0.01,test,18,SCAM,-1.7146779699364023,20.596504620450183,32.91816428024186
350-0_01,350,0.01,test,18,ANN,0.918502607980355,4.671540409419876,12.871328298739087
350-0_01,350,0.01,test,18,PGNN,0.9547907033275616,3.4793821383406276,11.057273899400498
350-0_01,350,0.01,test,18,PGNN+λA,0.9725984018929221,2.7087953826256346,8.124175923469268
350-0_1,350,0.1,train,102,SCAM,-8.077934073703663,40.510328899274604,44.01938782952195
350-0_1,350,0.1,train,102,ANN,0.9591787537951015,3.900972689804233,4.766036400190092
350-0_1,350,0.1,train,102,PGNN,0.9843049343658297,2.418863429601015,3.4633572842511855
350-0_1,350,0.1,train,102,PGNN+λA,0.9902666278316146,1.9048529077864829,2.0208113685937104
350-0_1,350,0.1,val,22,SCAM,-74.83251147229583,32.70625875632873,22.79515565323329
350-0_1,350,0.1,val,22,ANN,0.9650126955775776,4.93815361201834,1.80584140107998
350-0_1,350,0.1,val,22,PGNN,0.9834484912735232,3.3964728490974596,1.517573488271513
350-0_1,350,0.1,val,22,PGNN+λA,0.9893625222362138,2.7228811551101537,0.9982485586026704
350-0_1,350,0.1,test,23,SCAM,-771.7449793985159,141.19416812011363,82.93770443651506
350-0_1,350,0.1,test,23,ANN,0.9629856021863559,3.594808668693885,7.893969183999119
350-0_1,350,0.1,test,23,PGNN,0.9901493739394295,1.854480848837365,3.8629226997644617
350-0_1,350,0.1,test,23,PGNN+λA,0.9938406124487132,1.4664227905832063,2.790549986350673
400-0_001,400,0.001,train,75,SCAM,-611.5042111863663,73.71431269049204,78.12013807568079
400-0_001,400,0.001,train,75,ANN,0.3201256971731524,3.885857309472816,17.88551475115118
400-0_001,400,0.001,train,75,PGNN,0.8711181432733062,1.6918756028428072,5.70736564661805
400-0_001,400,0.001,train,75,PGNN+λA,0.9139112219466772,1.3827568148755722,4.755086019294676
400-0_001,400,0.001,val,16,SCAM,-12854.90982794385,68.55979652830668,128.93235667936764
400-0_001,400,0.001,val,16,ANN,0.7113653851200923,4.227846991891152,22.61348703990508
400-0_001,400,0.001,val,16,PGNN,0.8851272842998983,2.6671872051478887,9.053102161269146
400-0_001,400,0.001,val,16,PGNN+λA,0.9257614011457258,2.1441735692822337,6.726219552482439
400-0_001,400,0.001,test,17,SCAM,-42.96788125932851,17.420595406870408,52.5536649125775
400-0_001,400,0.001,test,17,ANN,0.41003717809970475,4.099241472122421,22.792491799627545
400-0_001,400,0.001,test,17,PGNN,0.8183357653659296,2.2747092646703564,10.8550706365513
400-0_001,400,0.001,test,17,PGNN+λA,0.8422851119409993,2.1194712298606073,9.15117236416541
400-0_01,400,0.01,train,80,SCAM,-294.6155890211926,76.14433239620674,60.1916310859827
400-0_01,400,0.01,train,80,ANN,0.9162792054494298,2.7978229594412705,6.416513400089031
400-0_01,400,0.01,train,80,PGNN,0.9727073559036811,1.597446657785059,2.7711073067899177
400-0_01,400,0.01,train,80,PGNN+λA,0.9836995431773532,1.2345351134996398,3.0536580745498494
400-0_01,400,0.01,val,17,SCAM,-46.471375909097524,25.80478741475134,43.18711856822328
400-0_01,400,0.01,val,17,ANN,0.9570374206821705,1.8398517608616765,6.355996366580887
400-0_01,400,0.01,val,17,PGNN,0.9819389022252426,1.1929156361989888,3.0814204747390805
400-0_01,400,0.01,val,17,PGNN+λA,0.9786982073166877,1.29552481524035,4.365862378454867
400-0_01,400,0.01,test,18,SCAM,-2587.3237192176002,68.51111422388375,87.52220835967918
400-0_01,400,0.01,test,18,ANN,0.5752507186736415,1.5917107580790522,3.731101009664845
400-0_01,400,0.01,test,18,PGNN,0.8878962207151676,0.81772627421744,1.7886212916280047
400-0_01,400,0.01,test,18,PGNN+λA,0.9522234401537591,0.5338328103539884,1.2061548978702576
400-0_1,400,0.1,train,91,SCAM,-64.94934216939963,86.98623515296248,81.19739372641034
400-0_1,400,0.1,train,91,ANN,0.9657323320236015,3.2439993819168507,7.370682703767989
400-0_1,400,0.1,train,91,PGNN,0.9848704286302693,2.155518724456656,4.744302465848476
400-0_1,400,0.1,train,91,PGNN+λA,0.9915953826696645,1.6065618870110294,2.7531870719817486
400-0_1,400,0.1,val,19,SCAM,-25.230044001836628,5.947360991626825,5.81177171789575
400-0_1,400,0.1,val,19,ANN,0.980114440726304,2.3795222871561914,3.941148282290624
400-0_1,400,0.1,val,19,PGNN,0.9828565193157875,2.209379770204615,2.929091427000631
400-0_1,400,0.1,val,19,PGNN+λA,0.9912564733251227,1.5778444682936745,2.243388095421424
400-0_1,400,0.1,test,21,SCAM,-10.149509117742468,33.51043346953762,36.69643908926923
400-0_1,400,0.1,test,21,ANN,0.9663935765977487,2.4833045515031467,3.851450693253459
400-0_1,400,0.1,test,21,PGNN,0.9937731482113161,1.068939440755417,1.8178175779418166
400-0_1,400,0.1,test,21,PGNN+λA,0.9945609583832001,0.9990334463621777,1.747538255106474
450-0_001,450,0.001,train,86,SCAM,-1235.9481629248187,80.68185734490338,139.17385193846786
450-0_001,450,0.001,train,86,ANN,-0.5318573245220921,4.3424156352189875,30.771925431985075
450-0_001,450,0.001,train,86,PGNN,0.846731827339225,1.3735618523053548,7.041493160692852
450-0_001,450,0.001,train,86,PGNN+λA,0.8886901810893736,1.1705473040501386,6.065428855257992
450-0_001,450,0.001,val,18,SCAM,-2120.003944608472,35.8612350133889,113.61404986440802
450-0_001,450,0.001,val,18,ANN,-0.36629777533568064,4.247553938175314,26.26726500799741
450-0_001,450,0.001,val,18,PGNN,0.9000660290203757,1.1487427788626043,4.342553046312076
450-0_001,450,0.001,val,18,PGNN+λA,0.9174069457648817,1.0443305557749218,4.584121825579818
450-0_001,450,0.001,test,19,SCAM,-61.25175346326455,9.875412360413458,40.82523789518266
450-0_001,450,0.001,test,19,ANN,-0.30805907874967486,3.998068118220882,23.716690034236443
450-0_001,450,0.001,test,19,PGNN,0.9115842040821016,1.0394448215201788,3.724027580687697
450-0_001,450,0.001,test,19,PGNN+λA,0.9261874531499988,0.9497331669132499,3.7472294278961877
450-0_01,450,0.01,train,86,SCAM,-32.27956964100307,23.541878860271954,45.68010251236464
450-0_01,450,0.01,train,86,ANN,0.7482374758705164,3.5852332388732964,11.616210381268063
450-0_01,450,0.01,train,86,PGNN,0.9555338535624213,1.5067341062995399,2.187529599018356
450-0_01,450,0.01,train,86,PGNN+λA,0.9639172114496035,1.35728771655265,2.3972365359711483
450-0_01,450,0.01,val,18,SCAM,-742.7093749515674,166.69183088280303,223.82922126213333
450-0_01,450,0.01,val,18,ANN,0.28131597912246,4.612818390567979,19.64257654502234
450-0_01,450,0.01,val,18,PGNN,0.8190065503083558,2.314881642431621,7.777075267513714
450-0_01,450,0.01,val,18,PGNN+λA,0.8533571813394166,2.0836643528189076,6.82781209938532
450-0_01,450,0.01,test,19,SCAM,-12023.901055979673,67.24310119032953,98.47111407971373
450-0_01,450,0.01,test,19,ANN,0.8252969693307605,2.5108110656750178,8.70803270043649
450-0_01,450,0.01,test,19,PGNN,0.9959063829930762,0.38434162201374583,1.0676196925637822
450-0_01,450,0.01,test,19,PGNN+λA,0.9934947242284435,0.4845032230687637,1.5510641381702877
450-0_1,450,0.1,train,88,SCAM,-236.88552823123845,75.12201424750612,66.99368397613345
450-0_1,450,0.1,train,88,ANN,0.8396765234884045,2.676463327326608,8.732536291614345
450-0_1,450,0.1,train,88,PGNN,0.9757990625622582,1.0398694771533592,2.9507938453885583
450-0_1,450,0.1,train,88,PGNN+λA,0.9868117006588821,0.7676391824557274,2.3783380949324364
450-0_1,450,0.1,val,18,SCAM,-396.88558754839875,29.915834429369774,50.62819421532383
450-0_1,450,0.1,val,18,ANN,0.8451558766646383,2.7766598617527602,9.311805224017473
450-0_1,450,0.1,val,18,PGNN,0.9911779811223284,0.6627646097081358,1.679378324709065
450-0_1,450,0.1,val,18,PGNN+λA,0.9926940577217792,0.6031334800060807,1.9584742011602492
450-0_1,450,0.1,test,20,SCAM,-177.18749698555365,77.16241257575557,67.62092934292545
450-0_1,450,0.1,test,20,ANN,0.9081565842612153,2.285413780573598,6.780255777762262
450-0_1,450,0.1,test,20,PGNN,0.994249372113513,0.5718715102377006,1.4857238288319765
450-0_1,450,0.1,test,20,PGNN+λA,0.990785262168365,0.7239062396233044,1.6796749284932972
