cond,config,seed,r2,rmse,aare
RT-0_001,baseline,42,0.93389493227005,14.059504346725241,4.940103530883789
RT-0_01,baseline,42,0.8858925104141235,17.95092016215238,4.701455593109131
RT-0_1,baseline,42,0.8518883585929871,31.685829013202515,89.87787628173828
150-0_001,baseline,42,0.9533953666687012,4.642686585028828,1.7992284297943115
150-0_01,baseline,42,0.9890469312667847,4.529500268314824,3.884657859802246
150-0_1,baseline,42,0.9527131915092468,10.006326200253463,7.036173343658447
250-0_001,baseline,42,0.8880704641342163,3.3527286519269865,3.965700387954712
250-0_01,baseline,42,0.9549940824508667,2.2498938217541466,1.9205394983291626
250-0_1,baseline,42,0.9922479391098022,3.4506244149645457,3.055602550506592
300-0_001,baseline,42,0.833279013633728,7.880159655662471,8.491782188415527
300-0_01,baseline,42,0.9451765418052673,4.342426564985301,2.7180116176605225
300-0_1,baseline,42,0.9553775787353516,4.751830099812635,3.0930206775665283
350-0_001,baseline,42,0.709159255027771,4.814051984746407,18.191892623901367
350-0_01,baseline,42,0.9261660575866699,3.562329204547534,5.96675443649292
350-0_1,baseline,42,0.9109657406806946,7.832887704496967,10.925434112548828
400-0_001,baseline,42,0.7613705992698669,2.192299291978153,7.667261123657227
400-0_01,baseline,42,0.9666604995727539,0.9096074557691636,2.0626001358032227
400-0_1,baseline,42,0.9290592670440674,4.771683840616925,20.476686477661133
450-0_001,baseline,42,0.5784828662872314,1.5498441463992603,8.443232536315918
450-0_01,baseline,42,0.9775262475013733,0.8514214145082095,2.22749924659729
450-0_1,baseline,42,0.7961882948875427,4.426942758759261,16.297433853149414
RT-0_001,mono,42,0.9153508543968201,15.909769744261848,5.491820812225342
RT-0_01,mono,42,0.5897442102432251,34.03744957591289,10.122455596923828
RT-0_1,mono,42,0.4635423421859741,60.30289957593768,100.89231872558594
150-0_001,mono,42,0.9717091917991638,3.617238516066738,1.677962064743042
150-0_01,mono,42,0.9322413206100464,11.265861011419114,7.42199182510376
150-0_1,mono,42,0.9765415191650391,7.047818748732847,5.237546443939209
250-0_001,mono,42,0.9628024101257324,1.9327849575044727,2.0500497817993164
250-0_01,mono,42,0.7996268272399902,4.747305055365232,3.620715379714966
250-0_1,mono,42,0.9888625741004944,4.136019236034766,3.573251485824585
300-0_001,mono,42,0.7807639241218567,9.036409270550045,11.07821273803711
300-0_01,mono,42,0.8942370414733887,6.031373017790918,4.246136665344238
300-0_1,mono,42,0.9060301780700684,6.895701089226743,2.245561122894287
350-0_001,mono,42,0.7001044750213623,4.888416315608464,19.491859436035156
350-0_01,mono,42,0.8939353227615356,4.2696418154571,6.4986467361450195
350-0_1,mono,42,0.9218015074729919,7.3407841314002935,4.024203300476074
400-0_001,mono,42,0.8066328763961792,1.9734637430096746,6.883917808532715
400-0_01,mono,42,0.9364415407180786,1.2559177984290324,2.784419059753418
400-0_1,mono,42,0.7646805644035339,8.690658324560793,25.9249267578125
450-0_001,mono,42,0.3337252736091614,1.9485299340098166,9.766011238098145
450-0_01,mono,42,0.9094950556755066,1.70861010131547,6.094654083251953
450-0_1,mono,42,0.8018149733543396,4.365406963170967,19.235797882080078
RT-0_001,baseline,1,0.9057072401046753,14.189379865820863,6.677309989929199
RT-0_01,baseline,1,0.951145589351654,12.401816548834187,10.552139282226562
RT-0_1,baseline,1,0.5746620893478394,53.75480538112384,5.170209884643555
150-0_001,baseline,1,0.9082900881767273,14.048241469269605,9.790387153625488
150-0_01,baseline,1,0.9183996319770813,9.194286927727186,5.468951225280762
150-0_1,baseline,1,0.7655408382415771,32.650096609255996,47.9275016784668
250-0_001,baseline,1,0.6688859462738037,7.099337490495509,8.207714080810547
250-0_01,baseline,1,0.905383825302124,7.0632080803435535,7.002096652984619
250-0_1,baseline,1,-0.41441237926483154,27.484532670809823,14.944052696228027
300-0_001,baseline,1,0.9521726369857788,3.1990392911739316,7.8554840087890625
300-0_01,baseline,1,0.8457050323486328,4.870840205222254,7.051356315612793
300-0_1,baseline,1,0.9279384613037109,7.178631427787987,5.647058963775635
350-0_001,baseline,1,0.7179282903671265,4.289653021734392,14.33514404296875
350-0_01,baseline,1,0.8976864218711853,6.8489777964809795,3.5587782859802246
350-0_1,baseline,1,0.6240595579147339,8.095557287211754,25.047775268554688
400-0_001,baseline,1,0.9336073994636536,1.4320172781088383,7.4425129890441895
400-0_01,baseline,1,0.8035833835601807,4.389586845194977,5.797384738922119
400-0_1,baseline,1,0.8300771117210388,7.061403712704637,6.019927024841309
450-0_001,baseline,1,0.810621976852417,1.5955158249785422,10.622973442077637
450-0_01,baseline,1,0.704615592956543,4.163749182044539,10.332080841064453
450-0_1,baseline,1,0.8409540057182312,3.576811836854123,15.72425365447998
RT-0_001,mono,1,0.948509156703949,10.485505044586029,3.6743032932281494
RT-0_01,mono,1,0.9759534001350403,8.700821796057992,6.797367095947266
RT-0_1,mono,1,0.6376248598098755,49.6168768934145,9.554258346557617
150-0_001,mono,1,0.9155314564704895,13.482219147985129,8.143773078918457
150-0_01,mono,1,0.9906811714172363,3.1070796603085236,1.8744926452636719
150-0_1,mono,1,0.9652830362319946,12.56382326966466,23.918785095214844
250-0_001,mono,1,0.5758118033409119,8.035415459783527,7.642393589019775
250-0_01,mono,1,0.9974268674850464,1.1647991435402822,1.0134631395339966
250-0_1,mono,1,0.8892841339111328,7.6896267561994325,4.375720024108887
300-0_001,mono,1,0.985261082649231,1.775880114534233,4.125774383544922
300-0_01,mono,1,0.9697169661521912,2.1578821832563486,3.086850643157959
300-0_1,mono,1,0.9902212023735046,2.6444327985505334,3.201948881149292
350-0_001,mono,1,0.5285760164260864,5.545595865111838,18.894227981567383
350-0_01,mono,1,0.9475884437561035,4.901992019254615,6.9325432777404785
350-0_1,mono,1,0.8406064510345459,5.27135900155421,18.081384658813477
400-0_001,mono,1,0.9620364904403687,1.0828581036629208,4.824210166931152
400-0_01,mono,1,0.9695008993148804,1.7297296258746742,3.413648843765259
400-0_1,mono,1,0.9817613363265991,2.313457703100894,3.8204092979431152
450-0_001,mono,1,0.8594694137573242,1.3744271125298588,10.273710250854492
450-0_01,mono,1,0.702000617980957,4.182138911300423,5.041538715362549
450-0_1,mono,1,0.9704651236534119,1.5413529446293612,7.09757137298584
RT-0_001,baseline,2,0.9942446947097778,3.485321600590955,2.066174030303955
RT-0_01,baseline,2,0.992913007736206,4.253452021059951,2.211601734161377
RT-0_1,baseline,2,0.9596801996231079,11.203063028289197,13.038408279418945
150-0_001,baseline,2,0.9965991973876953,3.627150062386893,11.588090896606445
150-0_01,baseline,2,0.07781368494033813,35.47580980125313,9.349812507629395
150-0_1,baseline,2,0.7765629291534424,26.538925660156487,9.082315444946289
250-0_001,baseline,2,0.9953649044036865,1.1878204917086888,1.3317608833312988
250-0_01,baseline,2,0.9934363961219788,1.67985540925831,1.8125768899917603
250-0_1,baseline,2,0.9950655102729797,2.4088294335547538,1.5675712823867798
300-0_001,baseline,2,0.9795867800712585,1.4302283759587002,2.3206353187561035
300-0_01,baseline,2,0.9477100372314453,4.093076694242507,6.180428504943848
300-0_1,baseline,2,0.9489012360572815,7.019606787816993,4.391299247741699
350-0_001,baseline,2,0.9707801938056946,1.8317503886690347,4.953900337219238
350-0_01,baseline,2,0.9631189703941345,0.9259657856962425,1.6009247303009033
350-0_1,baseline,2,0.9982085824012756,0.686261470295808,0.669978141784668
400-0_001,baseline,2,0.961895763874054,1.0744086080446327,6.101193428039551
400-0_01,baseline,2,0.7585567831993103,1.6022617953362264,2.7496604919433594
400-0_1,baseline,2,0.9937508702278137,1.1810132591737132,3.48689341545105
450-0_001,baseline,2,0.5094096660614014,1.49441912679644,6.617238521575928
450-0_01,baseline,2,0.8317639827728271,4.278706261302336,11.235631942749023
450-0_1,baseline,2,0.9952303767204285,0.39040872308608393,0.8848578929901123
RT-0_001,mono,2,0.9917307496070862,4.177742592909168,1.9808690547943115
RT-0_01,mono,2,0.9967707991600037,2.8711538710754603,1.4936864376068115
RT-0_1,mono,2,0.9652378559112549,10.402333481970148,11.79983901977539
150-0_001,mono,2,0.9900493025779724,6.204417519230124,20.262113571166992
150-0_01,mono,2,-0.4116549491882324,43.89219080955632,9.656560897827148
150-0_1,mono,2,0.786690354347229,25.930506634395062,8.733760833740234
250-0_001,mono,2,0.9952505230903625,1.2023939909176344,1.9173098802566528
250-0_01,mono,2,0.9959688186645508,1.3164900122009022,1.5551364421844482
250-0_1,mono,2,0.9949331283569336,2.440929250277115,1.6607204675674438
300-0_001,mono,2,0.9685154557228088,1.7762267239124065,3.280951738357544
300-0_01,mono,2,0.8741931319236755,6.348818403229651,9.960112571716309
300-0_1,mono,2,0.9413796067237854,7.518515556403072,5.296688556671143
350-0_001,mono,2,0.9779155850410461,1.5924686441972618,3.478444814682007
350-0_01,mono,2,0.9598990082740784,0.9655409853536698,1.7155176401138306
350-0_1,mono,2,0.9974315762519836,0.8217197155479827,0.8531495928764343
400-0_001,mono,2,0.9633547067642212,1.0536387562887302,5.744210720062256
400-0_01,mono,2,0.8946070075035095,1.0585997746707887,1.5769826173782349
400-0_1,mono,2,0.9949312210083008,1.0636421123799815,3.520803928375244
450-0_001,mono,2,0.39849698543548584,1.654747839557847,8.635234832763672
450-0_01,mono,2,0.7253281474113464,5.467137911109149,10.617201805114746
450-0_1,mono,2,0.9900304675102234,0.5644376812046382,1.3285222053527832
RT-0_001,baseline,3,-0.01991581916809082,66.8130627314936,85.93694305419922
RT-0_01,baseline,3,0.9967976808547974,2.2657677967189582,1.0435795783996582
RT-0_1,baseline,3,0.982649028301239,8.469435097548244,9.703229904174805
150-0_001,baseline,3,0.9785329699516296,10.08472485569334,37.36161804199219
150-0_01,baseline,3,0.09092557430267334,69.18903848786309,29.92308807373047
150-0_1,baseline,3,0.9562703967094421,9.213248159600967,4.829709053039551
250-0_001,baseline,3,0.9430630803108215,5.060339384194259,20.464935302734375
250-0_01,baseline,3,0.9243089556694031,4.042964504073858,2.881242036819458
250-0_1,baseline,3,0.9896952509880066,4.570313960670172,13.668229103088379
300-0_001,baseline,3,0.9667315483093262,2.1868705933933392,3.510070323944092
300-0_01,baseline,3,0.8260875940322876,6.12078868346768,6.722780227661133
300-0_1,baseline,3,0.9849244356155396,2.8660903203432433,2.009509801864624
350-0_001,baseline,3,0.8965586423873901,3.870242243634636,5.957157135009766
350-0_01,baseline,3,0.9802281856536865,2.1666519702510763,4.000707626342773
350-0_1,baseline,3,0.9762473106384277,3.6542266724783974,1.2718406915664673
400-0_001,baseline,3,0.9433748722076416,1.0883828492946743,5.042717933654785
400-0_01,baseline,3,0.9927555322647095,0.6107997377983385,1.5649583339691162
400-0_1,baseline,3,0.9882125854492188,2.077126284518387,1.290690541267395
450-0_001,baseline,3,0.591877281665802,1.7089187347885229,7.826143264770508
450-0_01,baseline,3,0.8983656167984009,1.1271092457122422,2.811044454574585
450-0_1,baseline,3,0.8480004072189331,1.5691677494757765,1.9379805326461792
RT-0_001,mono,3,-0.044675350189208984,67.61918008690286,85.38158416748047
RT-0_01,mono,3,0.9940245747566223,3.0950482659589853,1.0302753448486328
RT-0_1,mono,3,0.9858863949775696,7.6385572635067085,8.256699562072754
150-0_001,mono,3,0.9673340916633606,12.440147233195987,46.470428466796875
150-0_01,mono,3,0.1061747670173645,68.60628088844162,32.38030242919922
150-0_1,mono,3,0.9432169795036316,10.498672764772571,6.831770420074463
250-0_001,mono,3,0.9199590682983398,5.999828018266799,28.888214111328125
250-0_01,mono,3,0.9894943237304688,1.5062222964956307,1.2697012424468994
250-0_1,mono,3,0.9612006545066833,8.868293054703457,26.42141342163086
300-0_001,mono,3,0.9763996005058289,1.8419017903451012,3.517186164855957
300-0_01,mono,3,0.976177453994751,2.265354219237456,3.6168973445892334
300-0_1,mono,3,0.9812543988227844,3.1959685978785037,3.3518223762512207
350-0_001,mono,3,0.9043407440185547,3.721813062381489,7.796175003051758
350-0_01,mono,3,0.9136728048324585,4.527301198974974,10.517776489257812
350-0_1,mono,3,0.9833575487136841,3.058775369019058,3.3568625450134277
400-0_001,mono,3,0.8949985504150391,1.4820903663729343,6.737270832061768
400-0_01,mono,3,0.9768044948577881,1.0929454569212544,3.1448025703430176
400-0_1,mono,3,0.9932550191879272,1.5712424034839378,2.6966559886932373
450-0_001,mono,3,0.47854918241500854,1.9316690749492669,8.666382789611816
450-0_01,mono,3,0.9783697128295898,0.519968551500898,1.7102158069610596
450-0_1,mono,3,0.9191933274269104,1.144120490931425,2.508958339691162
RT-0_001,baseline,4,0.9430400729179382,14.959340237843463,7.104333400726318
RT-0_01,baseline,4,0.9840190410614014,4.552372182008025,2.116990327835083
RT-0_1,baseline,4,0.9555356502532959,14.187947942577498,1.7794560194015503
150-0_001,baseline,4,0.9913464784622192,3.2171665481841134,1.744794487953186
150-0_01,baseline,4,0.6716947555541992,20.587229412734928,5.804321765899658
150-0_1,baseline,4,0.9501407742500305,12.955811740733505,3.6084930896759033
250-0_001,baseline,4,0.9451001882553101,4.876061152850014,23.291263580322266
250-0_01,baseline,4,0.9876865744590759,1.20419274052217,1.004199504852295
250-0_1,baseline,4,0.9883097410202026,6.3702799957396765,23.260940551757812
300-0_001,baseline,4,0.9274405241012573,4.1762706444831466,3.7787058353424072
300-0_01,baseline,4,0.9620938897132874,0.6423070503947241,0.6912323832511902
300-0_1,baseline,4,0.9958220720291138,2.4638116431883246,1.5202285051345825
350-0_001,baseline,4,0.6695691347122192,3.315284422443537,7.340446949005127
350-0_01,baseline,4,0.9802993535995483,2.447458416407258,2.0348782539367676
350-0_1,baseline,4,0.9927889108657837,1.3244649832572755,1.2506159543991089
400-0_001,baseline,4,0.8107222318649292,2.543042816161683,4.5499982833862305
400-0_01,baseline,4,0.9914471507072449,0.41871412607511516,0.8459730744361877
400-0_1,baseline,4,0.9810147285461426,2.9312386843985516,1.2208679914474487
450-0_001,baseline,4,0.714598536491394,2.4697603500184866,14.692607879638672
450-0_01,baseline,4,0.9724608063697815,1.405242516639382,6.108625411987305
450-0_1,baseline,4,0.9637433886528015,1.3394369948187146,4.3696513175964355
RT-0_001,mono,4,0.9712215662002563,10.633137896265433,6.702988624572754
RT-0_01,mono,4,0.9822908043861389,4.792211794597287,2.14223313331604
RT-0_1,mono,4,0.9583081007003784,13.73850560486412,1.3153424263000488
150-0_001,mono,4,0.9804663062095642,4.833590971996939,2.885928153991699
150-0_01,mono,4,0.6672950387001038,20.72471751353019,7.29436731338501
150-0_1,mono,4,0.9849379062652588,7.120895542016643,3.333461284637451
250-0_001,mono,4,0.9107862710952759,6.21583649902154,29.7394962310791
250-0_01,mono,4,0.9359226822853088,2.747002441782885,2.47733998298645
250-0_1,mono,4,0.9603968262672424,11.724947579923466,32.792457580566406
300-0_001,mono,4,0.8835626840591431,5.29038851863458,6.214706897735596
300-0_01,mono,4,0.8633800745010376,1.2193970063226436,1.3375892639160156
300-0_1,mono,4,0.929069995880127,10.151754939759607,2.669785737991333
350-0_001,mono,4,0.6927961111068726,3.1966409696382123,8.336746215820312
350-0_01,mono,4,0.973136842250824,2.8579439845218366,4.388102054595947
350-0_1,mono,4,0.9914451837539673,1.442600654779389,1.0799388885498047
400-0_001,mono,4,0.83394855260849,2.3819092085900984,6.806830883026123
400-0_01,mono,4,0.8307976126670837,1.8623658816800994,3.995884895324707
400-0_1,mono,4,0.980287492275238,2.9868534042813337,2.851738929748535
450-0_001,mono,4,0.7636820077896118,2.2473726827608558,15.621434211730957
450-0_01,mono,4,0.9252690076828003,2.3148668909219743,10.041301727294922
450-0_1,mono,4,0.9664595127105713,1.2882896649772309,3.9358763694763184
RT-0_001,baseline,5,0.9531455636024475,13.961039691672713,11.317511558532715
RT-0_01,baseline,5,0.9973955750465393,2.224399948644749,1.1761798858642578
RT-0_1,baseline,5,0.8951964378356934,29.620886408429673,114.48171997070312
150-0_001,baseline,5,0.9379357099533081,3.1315604963944295,1.512495994567871
150-0_01,baseline,5,0.9443731307983398,3.292677100537391,1.4797413349151611
150-0_1,baseline,5,0.9615758657455444,11.65839012483003,2.2098770141601562
250-0_001,baseline,5,0.9659428596496582,1.399046312502221,1.6262335777282715
250-0_01,baseline,5,0.978927493095398,1.8434712474040633,1.5154918432235718
250-0_1,baseline,5,0.9859326481819153,2.077554265861688,1.5060508251190186
300-0_001,baseline,5,0.9412051439285278,2.0940635787945148,3.4549825191497803
300-0_01,baseline,5,0.9643187522888184,3.304302941711463,4.95255708694458
300-0_1,baseline,5,0.9726098775863647,6.893759086097962,5.048611164093018
350-0_001,baseline,5,0.9587661623954773,2.0056823830673753,3.0246951580047607
350-0_01,baseline,5,0.9975219368934631,0.49732052064770194,0.7856960296630859
350-0_1,baseline,5,0.9863237738609314,2.2870376536576846,1.2863283157348633
400-0_001,baseline,5,0.8836706876754761,2.451066532379054,6.710526943206787
400-0_01,baseline,5,0.9292522668838501,1.3857935438257059,2.9952666759490967
400-0_1,baseline,5,0.9463820457458496,4.211005442111906,9.527552604675293
450-0_001,baseline,5,0.44611287117004395,2.5476900446480206,15.694162368774414
450-0_01,baseline,5,0.6420854926109314,3.741763670300395,3.532442569732666
450-0_1,baseline,5,0.9585636258125305,1.4388757010796134,3.957315444946289
RT-0_001,mono,5,0.914615273475647,18.846584733142386,13.13632869720459
RT-0_01,mono,5,0.9700970649719238,7.537222998544302,3.944941520690918
RT-0_1,mono,5,0.8330392837524414,37.38669732296168,147.8524169921875
150-0_001,mono,5,0.8722660541534424,4.4925522100591575,2.279520034790039
150-0_01,mono,5,0.7520018815994263,6.952339316565054,3.6492035388946533
150-0_1,mono,5,0.8810999989509583,20.50819940111226,2.624155044555664
250-0_001,mono,5,0.899266242980957,2.4061095952277043,2.1769018173217773
250-0_01,mono,5,0.9669936895370483,2.3071533460180396,1.6864038705825806
250-0_1,mono,5,0.9704720377922058,3.0099730027214227,1.9646594524383545
300-0_001,mono,5,0.8900725245475769,2.863342700834868,4.498626232147217
300-0_01,mono,5,0.9720942974090576,2.922176733094019,4.924678802490234
300-0_1,mono,5,0.8332768082618713,17.008153418723733,14.929059028625488
350-0_001,mono,5,0.9547390937805176,2.1013437603983873,2.608736753463745
350-0_01,mono,5,0.9826253056526184,1.3168623499178973,3.1418216228485107
350-0_1,mono,5,0.9553140997886658,4.13405147794684,1.410779595375061
400-0_001,mono,5,0.8602313995361328,2.686676254002935,8.12890338897705
400-0_01,mono,5,0.9546517729759216,1.1094870712194005,2.4288783073425293
400-0_1,mono,5,0.8410741686820984,7.249830309756476,14.623589515686035
450-0_001,mono,5,0.3070269823074341,2.849667104720664,17.147510528564453
450-0_01,mono,5,0.5845034122467041,4.031534820667423,3.1409080028533936
450-0_1,mono,5,0.9524743556976318,1.540977874022706,4.487072467803955
RT-0_001,baseline,6,0.9627790451049805,6.92821479295245,2.8952667713165283
RT-0_01,baseline,6,0.9934582114219666,3.8870958614948248,2.3599143028259277
RT-0_1,baseline,6,0.931113064289093,15.872997728367682,0.49858278036117554
150-0_001,baseline,6,0.9485556483268738,14.52338181639406,51.98434066772461
150-0_01,baseline,6,-0.07368242740631104,67.28792277059271,1.4817607402801514
150-0_1,baseline,6,0.9848171472549438,4.668076415795489,3.027108669281006
250-0_001,baseline,6,0.8899378776550293,5.233435520867169,8.129806518554688
250-0_01,baseline,6,0.9488739967346191,6.434858354196634,1.7288920879364014
250-0_1,baseline,6,0.9766233563423157,6.8496840021241185,6.266633987426758
300-0_001,baseline,6,0.916191041469574,2.232371892895195,3.3360681533813477
300-0_01,baseline,6,0.9761798977851868,1.949442512343592,2.578967332839966
300-0_1,baseline,6,0.9885507822036743,2.3695011729398305,1.5521502494812012
350-0_001,baseline,6,0.616288959980011,3.2194967051899592,8.020801544189453
350-0_01,baseline,6,0.995805025100708,0.6232553928354622,1.298976182937622
350-0_1,baseline,6,0.9841541051864624,2.5541992654218837,2.24676251411438
400-0_001,baseline,6,0.982296347618103,0.7509592994322922,3.0831053256988525
400-0_01,baseline,6,0.9390036463737488,1.0875052791774251,2.7204577922821045
400-0_1,baseline,6,0.9648507237434387,3.549078840638149,2.6437277793884277
450-0_001,baseline,6,0.8444870710372925,1.2175725971643496,7.707484245300293
450-0_01,baseline,6,0.8278655409812927,1.1780624312322323,3.3074710369110107
450-0_1,baseline,6,0.8692079782485962,2.7635711112372765,6.380032539367676
RT-0_001,mono,6,0.9816188812255859,4.868700701521515,2.1432783603668213
RT-0_01,mono,6,0.9977234601974487,2.293044860720428,1.438706874847412
RT-0_1,mono,6,0.9179101586341858,17.327473359027636,0.8206689953804016
150-0_001,mono,6,0.9633514285087585,12.258227018564792,44.747901916503906
150-0_01,mono,6,-0.08831667900085449,67.744936820723,1.66468346118927
150-0_1,mono,6,0.9971838593482971,2.010422253642118,1.3897987604141235
250-0_001,mono,6,0.9865772724151611,1.827631892025419,3.0739052295684814
250-0_01,mono,6,0.892213761806488,9.343286611236275,1.3721919059753418
250-0_1,mono,6,0.9554696679115295,9.453820674298665,7.715473175048828
300-0_001,mono,6,0.9294754862785339,2.04781756647986,3.0498733520507812
300-0_01,mono,6,0.9891114830970764,1.3180223726535785,1.4426617622375488
300-0_1,mono,6,0.98014897108078,3.1200448996418704,0.9563947319984436
350-0_001,mono,6,0.6888037919998169,2.8993655464427754,7.227653980255127
350-0_01,mono,6,0.9904664754867554,0.9395678919998612,1.8472250699996948
350-0_1,mono,6,0.9596541523933411,4.075641679851047,3.931455373764038
400-0_001,mono,6,0.9703325629234314,0.9721302310625786,4.417740345001221
400-0_01,mono,6,0.8893768787384033,1.4645441588167936,2.920928955078125
400-0_1,mono,6,0.9560778737068176,3.9673374095116545,1.4846758842468262
450-0_001,mono,6,0.22670751810073853,2.7150855965232026,15.48006820678711
450-0_01,mono,6,0.7683931589126587,1.3665014671097273,3.815248489379883
450-0_1,mono,6,0.9228705763816833,2.122218162417343,3.844796895980835
RT-0_001,baseline,7,0.990521252155304,4.365939977228916,1.5428868532180786
RT-0_01,baseline,7,0.6227038502693176,25.230782929321922,4.6845598220825195
RT-0_1,baseline,7,0.9966850876808167,2.421721915052179,1.4683305025100708
150-0_001,baseline,7,0.9800620675086975,5.715724791108763,3.6382694244384766
150-0_01,baseline,7,0.9979923963546753,1.967732302706686,1.0173619985580444
150-0_1,baseline,7,0.9628173112869263,6.653612930803758,3.9506752490997314
250-0_001,baseline,7,0.9703340530395508,1.2701533744592692,1.4241244792938232
250-0_01,baseline,7,0.9643548727035522,2.223912211050818,1.9054638147354126
250-0_1,baseline,7,0.9948829412460327,3.389281397812033,4.091924667358398
300-0_001,baseline,7,0.9819433689117432,1.807505731428459,2.3281681537628174
300-0_01,baseline,7,0.9818986058235168,2.654195372357882,7.028941631317139
300-0_1,baseline,7,0.9675518274307251,3.6116138466946768,3.8311827182769775
350-0_001,baseline,7,0.955703616142273,1.8854029393267175,2.2068209648132324
350-0_01,baseline,7,0.980335533618927,1.766835160887481,4.289546012878418
350-0_1,baseline,7,0.9919372200965881,2.005306119309746,4.271485805511475
400-0_001,baseline,7,0.9055848717689514,1.929937369659626,4.055254936218262
400-0_01,baseline,7,0.9815728664398193,1.2493509037810409,3.5784523487091064
400-0_1,baseline,7,0.9724233746528625,1.984616182343602,6.508606910705566
450-0_001,baseline,7,0.8049108982086182,1.5510514261806745,6.278183937072754
450-0_01,baseline,7,0.95805823802948,1.3425326932623773,3.039548635482788
450-0_1,baseline,7,0.981187105178833,1.150063330523623,3.5198752880096436
RT-0_001,mono,7,0.9884001016616821,4.829798929835146,2.313577651977539
RT-0_01,mono,7,0.3121856451034546,34.06631644330841,5.921980857849121
RT-0_1,mono,7,0.9978049397468567,1.970659026757445,0.9476984143257141
150-0_001,mono,7,0.9843032360076904,5.071500148306462,3.3109822273254395
150-0_01,mono,7,0.9949899911880493,3.1084472192213686,2.4752159118652344
150-0_1,mono,7,0.9657689332962036,6.38406684718114,2.838888168334961
250-0_001,mono,7,0.9745870232582092,1.1755873814941704,1.328937292098999
250-0_01,mono,7,0.9814872741699219,1.6027018146521994,1.2840577363967896
250-0_1,mono,7,0.975190281867981,7.462922572147663,8.451952934265137
300-0_001,mono,7,0.9781096577644348,1.9901586037120451,4.581320285797119
300-0_01,mono,7,0.9568110704421997,4.099806171580706,8.324417114257812
300-0_1,mono,7,0.9836683869361877,2.5622430998260493,2.915356397628784
350-0_001,mono,7,0.969911515712738,1.553890388143143,2.07391619682312
350-0_01,mono,7,0.9838581085205078,1.6007818785219834,4.0611419677734375
350-0_1,mono,7,0.9959160685539246,1.4271725907454307,3.244262933731079
400-0_001,mono,7,0.8848199844360352,2.1316258968762316,3.2497997283935547
400-0_01,mono,7,0.9929872751235962,0.7707236100194296,2.047018527984619
400-0_1,mono,7,0.9853766560554504,1.4452026325428855,2.8021535873413086
450-0_001,mono,7,0.8122573494911194,1.5215671110367337,6.703380584716797
450-0_01,mono,7,0.9803605675697327,0.9186839462721239,2.243403196334839
450-0_1,mono,7,0.9965289235115051,0.4940001246523603,1.403289794921875
